time,behavior,intensity
11:55:47,Finger Tapping,0.022657730182011924
11:55:47,Finger Tapping,0.022947869698206582
11:55:47,Finger Tapping,0.02059089740117391
11:55:47,Finger Tapping,0.0198440949122111
11:55:47,Finger Tapping,0.01950182914733887
11:55:47,Finger Tapping,0.01829481919606527
11:55:47,Finger Tapping,0.015274258454640706
11:55:47,Finger Tapping,0.015084294478098552
11:55:47,Finger Tapping,0.015092551708221436
11:55:54,Finger Tapping,0.02155619462331136
11:55:54,Finger Tapping,0.023500744501749674
11:55:54,Hand Fidgeting,0.031717785572985505
11:55:54,Finger Tapping,0.025599833329518637
11:55:54,Hand Fidgeting,0.03539526164105559
11:55:54,Finger Tapping,0.027663628260294598
11:55:54,Hand Fidgeting,0.03550066245212421
11:55:54,Finger Tapping,0.02738944093386332
11:55:54,Hand Fidgeting,0.042616508167550894
11:55:54,Finger Tapping,0.027979928255081176
11:55:54,Hand Fidgeting,0.04581117261140388
11:55:54,Finger Tapping,0.02827613949775696
11:55:54,Hand Fidgeting,0.047872006337102424
11:55:54,Finger Tapping,0.028825914859771727
11:55:54,Hand Fidgeting,0.04869994657139383
11:55:54,Finger Tapping,0.029189538955688477
11:55:54,Hand Fidgeting,0.04897790148132459
11:55:54,Finger Tapping,0.02926219701766968
11:55:54,Hand Fidgeting,0.04946568103981385
11:55:54,Finger Tapping,0.029301724831263223
11:55:54,Hand Fidgeting,0.04999410408283948
11:55:54,Finger Tapping,0.029519919554392496
11:55:54,Hand Fidgeting,0.05060257262169231
11:55:54,Finger Tapping,0.030399266878763834
11:55:54,Hand Fidgeting,0.0537814766799929
11:55:54,Finger Tapping,0.03354957699775696
11:55:55,Hand Fidgeting,0.05416001785140035
11:55:55,Finger Tapping,0.03364060918490092
11:55:55,Hand Fidgeting,0.05586832696043796
11:55:55,Finger Tapping,0.03378631869951884
11:55:55,Hand Fidgeting,0.056488291975228665
11:55:55,Finger Tapping,0.0342605451742808
11:55:55,Hand Fidgeting,0.05644892576716065
11:55:55,Finger Tapping,0.03393555482228597
11:55:55,Hand Fidgeting,0.059682579140446126
11:55:55,Finger Tapping,0.0371648112932841
11:55:55,Hand Fidgeting,0.060705897463821795
11:55:55,Finger Tapping,0.038201642036437986
11:55:55,Hand Fidgeting,0.06252453440517874
11:55:55,Finger Tapping,0.03923093875249227
11:55:55,Hand Fidgeting,0.06389504794496965
11:55:55,Finger Tapping,0.04070259730021159
11:55:55,Hand Fidgeting,0.06579028506622107
11:55:55,Finger Tapping,0.042824753125508624
11:55:55,Hand Fidgeting,0.06604287224222935
11:55:55,Finger Tapping,0.04306043187777201
11:55:55,Hand Fidgeting,0.06985374541296487
11:55:55,Finger Tapping,0.04691038926442464
11:55:55,Hand Fidgeting,0.0695243497906037
11:55:55,Finger Tapping,0.04658050139745076
11:55:55,Hand Fidgeting,0.07191695120637322
11:55:55,Finger Tapping,0.048940783739089964
11:55:55,Hand Fidgeting,0.07181148759599276
11:55:55,Finger Tapping,0.04884577989578247
11:55:55,Hand Fidgeting,0.07315576273499741
11:55:55,Finger Tapping,0.04992095629374186
11:55:55,Hand Fidgeting,0.07597164842645462
11:55:55,Finger Tapping,0.05214070479075114
11:55:55,Hand Fidgeting,0.061263093872002905
11:55:55,Finger Tapping,0.039587374528249106
11:55:55,Hand Fidgeting,0.061682611909128784
11:55:55,Finger Tapping,0.04007550080617269
11:55:55,Hand Fidgeting,0.06282348101237628
11:55:55,Finger Tapping,0.04119469523429871
11:55:55,Hand Fidgeting,0.059986435842480916
11:55:55,Finger Tapping,0.03955727815628052
11:55:55,Hand Fidgeting,0.05970787004953517
11:55:55,Finger Tapping,0.039656780163447064
11:55:55,Hand Fidgeting,0.0532744579133644
11:55:55,Finger Tapping,0.039675845702489214
11:55:56,Hand Fidgeting,0.05214848012814751
11:55:56,Finger Tapping,0.041418953736623125
11:55:56,Hand Fidgeting,0.05181073629220679
11:55:56,Finger Tapping,0.04259090820948283
11:55:56,Hand Fidgeting,0.05381356085262479
11:55:56,Finger Tapping,0.044796699285507204
11:55:56,Hand Fidgeting,0.0539183250868561
11:55:56,Finger Tapping,0.04495924512545268
11:55:56,Hand Fidgeting,0.0534430046556487
11:55:56,Finger Tapping,0.04495625893274943
11:55:56,Hand Fidgeting,0.053700060262142
11:55:56,Finger Tapping,0.045873111486434935
11:55:56,Hand Fidgeting,0.05361646061912747
11:55:56,Finger Tapping,0.04533071716626485
11:55:56,Hand Fidgeting,0.05322212964526279
11:55:56,Finger Tapping,0.044765762488047284
11:55:56,Hand Fidgeting,0.052795675400837426
11:55:56,Finger Tapping,0.044491779804229734
11:55:56,Hand Fidgeting,0.05371156764597987
11:55:56,Finger Tapping,0.04659103552500407
11:55:56,Hand Fidgeting,0.05411878409713091
11:55:56,Finger Tapping,0.046902585029602054
11:55:56,Hand Fidgeting,0.05539558365761413
11:55:56,Finger Tapping,0.04830070932706197
11:55:56,Hand Fidgeting,0.05536646348789988
11:55:56,Finger Tapping,0.048078503211339316
11:55:56,Hand Fidgeting,0.054862668400537856
11:55:56,Finger Tapping,0.04750139713287353
11:55:56,Hand Fidgeting,0.05383511049183568
11:55:56,Finger Tapping,0.04736267924308777
11:55:56,Hand Fidgeting,0.05271620096774143
11:55:56,Finger Tapping,0.04623480836550395
11:55:56,Hand Fidgeting,0.05061688259308841
11:55:56,Finger Tapping,0.0441304345925649
11:55:56,Hand Fidgeting,0.05047675184178893
11:55:56,Finger Tapping,0.043988760312398276
11:55:56,Hand Fidgeting,0.04693810369410304
11:55:56,Finger Tapping,0.040450106064478554
11:55:56,Hand Fidgeting,0.04681316914424738
11:55:56,Finger Tapping,0.04029656648635864
11:55:56,Hand Fidgeting,0.04390325406194699
11:55:56,Finger Tapping,0.03774041136105855
11:55:57,Hand Fidgeting,0.04318789930601841
11:55:57,Finger Tapping,0.03702335357666016
11:55:57,Hand Fidgeting,0.04143884338647354
11:55:57,Finger Tapping,0.03551342487335205
11:55:57,Hand Fidgeting,0.038868002513446194
11:55:57,Finger Tapping,0.033467944463094076
11:55:57,Hand Fidgeting,0.03838476337920105
11:55:57,Finger Tapping,0.033869735399882
11:55:57,Hand Fidgeting,0.035033664362261775
11:55:57,Finger Tapping,0.031025675932566325
11:55:57,Hand Fidgeting,0.03179349039439167
11:55:57,Finger Tapping,0.027871837218602497
11:55:57,Hand Fidgeting,0.0319245471061935
11:55:57,Finger Tapping,0.028392080465952554
11:55:57,Hand Fidgeting,0.03203892848442306
11:55:57,Finger Tapping,0.02846989631652832
11:55:57,Hand Fidgeting,0.030840355871380436
11:55:57,Finger Tapping,0.027326361338297526
11:55:57,Finger Tapping,0.02540835738182068
11:55:57,Finger Tapping,0.02368761698404948
11:55:57,Finger Tapping,0.021103201309839885
11:55:57,Finger Tapping,0.024053823947906495
11:55:57,Finger Tapping,0.02495681047439575
11:55:57,Finger Tapping,0.025079866250356037
11:55:57,Hand Fidgeting,0.033198395366048884
11:55:57,Finger Tapping,0.029553210735321044
11:55:57,Hand Fidgeting,0.031844270207355314
11:55:57,Finger Tapping,0.028262877464294435
11:55:57,Hand Fidgeting,0.03349455594661206
11:55:57,Finger Tapping,0.029445966084798176
11:55:57,Hand Fidgeting,0.031600008273692054
11:55:57,Finger Tapping,0.02784836490948995
11:55:58,Hand Fidgeting,0.03085861031384325
11:55:58,Finger Tapping,0.027064128716786703
11:55:58,Finger Tapping,0.026028223832448325
11:55:58,Finger Tapping,0.02398829460144043
11:55:58,Finger Tapping,0.02396493951479594
11:55:58,Finger Tapping,0.02308375040690104
11:55:58,Finger Tapping,0.02293212413787842
11:55:58,Finger Tapping,0.023201394081115722
11:55:58,Finger Tapping,0.023353348175684612
11:55:58,Finger Tapping,0.02329836885134379
11:55:58,Finger Tapping,0.023229328791300456
11:55:58,Finger Tapping,0.023262433211008706
11:55:58,Finger Tapping,0.022882163524627686
11:55:58,Finger Tapping,0.02284386952718099
11:55:58,Finger Tapping,0.023194112380345664
11:55:58,Finger Tapping,0.022599490483601888
11:55:58,Finger Tapping,0.023472662766774496
11:55:59,Hand Fidgeting,0.031127136946672393
11:55:59,Finger Tapping,0.026377658049265545
11:55:59,Hand Fidgeting,0.03168063863156494
11:55:59,Finger Tapping,0.02686781088511149
11:55:59,Hand Fidgeting,0.031783798772460264
11:55:59,Finger Tapping,0.02701332966486613
11:55:59,Hand Fidgeting,0.032013545350980756
11:55:59,Finger Tapping,0.027205316225687663
11:55:59,Hand Fidgeting,0.03226676131111928
11:55:59,Finger Tapping,0.026880540450414023
11:55:59,Hand Fidgeting,0.032651451077838574
11:55:59,Finger Tapping,0.027289865414301555
11:55:59,Hand Fidgeting,0.034131517500858195
11:55:59,Finger Tapping,0.028991067409515382
11:55:59,Hand Fidgeting,0.030671562667825572
11:55:59,Finger Tapping,0.025876150528589884
11:55:59,Hand Fidgeting,0.030079114565221745
11:55:59,Finger Tapping,0.025227099657058716
11:55:59,Hand Fidgeting,0.030550169169813332
11:55:59,Finger Tapping,0.025581975777943928
11:55:59,Finger Tapping,0.020802366733551025
11:55:59,Finger Tapping,0.021519474188486733
11:55:59,Finger Tapping,0.0224972128868103
11:55:59,Finger Tapping,0.02213912606239319
11:55:59,Finger Tapping,0.022068442900975545
11:55:59,Finger Tapping,0.022239478429158528
11:55:59,Finger Tapping,0.021183856328328452
11:56:00,Finger Tapping,0.022614991664886473
11:56:00,Finger Tapping,0.02321710189183553
11:56:00,Finger Tapping,0.02346980571746826
11:56:00,Finger Tapping,0.024427362283070884
11:56:00,Finger Tapping,0.024349139134089152
11:56:00,Finger Tapping,0.02455504536628723
11:56:00,Hand Fidgeting,0.035000022495313095
11:56:00,Finger Tapping,0.029950565099716185
11:56:00,Hand Fidgeting,0.03771069525270142
11:56:00,Finger Tapping,0.0318437655766805
11:56:00,Hand Fidgeting,0.039764926172187826
11:56:00,Finger Tapping,0.0331407368183136
11:56:00,Hand Fidgeting,0.04197853807457119
11:56:00,Finger Tapping,0.035445072253545123
11:56:00,Hand Fidgeting,0.04358367547024348
11:56:00,Finger Tapping,0.03669329682985942
11:56:00,Hand Fidgeting,0.044234310868692596
11:56:00,Finger Tapping,0.03734547694524129
11:56:00,Hand Fidgeting,0.044054839391449246
11:56:00,Finger Tapping,0.03634684681892395
11:56:00,Hand Fidgeting,0.041775578934604644
11:56:00,Finger Tapping,0.033995844920476276
11:56:00,Hand Fidgeting,0.0424400387996894
11:56:00,Finger Tapping,0.03334279060363769
11:56:00,Hand Fidgeting,0.04295323032114953
11:56:00,Finger Tapping,0.03385316332181295
11:56:01,Hand Fidgeting,0.0449964533340954
11:56:01,Finger Tapping,0.03568376302719116
11:56:01,Hand Fidgeting,0.04628780135257777
11:56:01,Finger Tapping,0.03748187025388082
11:56:01,Hand Fidgeting,0.04636279812849056
11:56:01,Finger Tapping,0.03693244655927022
11:56:01,Hand Fidgeting,0.04541273475145613
11:56:01,Finger Tapping,0.035069090127944944
11:56:01,Hand Fidgeting,0.04581125334818892
11:56:01,Finger Tapping,0.03553570707639058
11:56:01,Hand Fidgeting,0.04638857137938177
11:56:01,Finger Tapping,0.03594001332918803
11:56:01,Hand Fidgeting,0.04516121704214916
11:56:01,Finger Tapping,0.03483379483222961
11:56:01,Hand Fidgeting,0.04628073892065079
11:56:01,Finger Tapping,0.035731730858484904
11:56:01,Hand Fidgeting,0.04483586652736773
11:56:01,Finger Tapping,0.034290323654810585
11:56:01,Hand Fidgeting,0.04655098622416924
11:56:01,Finger Tapping,0.035518763462702434
11:56:01,Hand Fidgeting,0.046500385532732356
11:56:01,Finger Tapping,0.03573153813680013
11:56:01,Hand Fidgeting,0.04611894223901595
11:56:01,Finger Tapping,0.03561519980430603
11:56:01,Hand Fidgeting,0.04776454077791105
11:56:01,Finger Tapping,0.037044439713160196
11:56:01,Hand Fidgeting,0.04881044725576302
11:56:01,Finger Tapping,0.03768511017163594
11:56:01,Hand Fidgeting,0.04871308002632445
11:56:01,Finger Tapping,0.03744752208391825
11:56:02,Hand Fidgeting,0.04969445333671944
11:56:02,Finger Tapping,0.03785705765088399
11:56:02,Hand Fidgeting,0.049922125644877594
11:56:02,Finger Tapping,0.037746375799179076
11:56:02,Hand Fidgeting,0.049019052993835056
11:56:02,Finger Tapping,0.03667146563529968
11:56:02,Hand Fidgeting,0.049281702712258145
11:56:02,Finger Tapping,0.03696751793225606
11:56:02,Hand Fidgeting,0.049151444493127056
11:56:02,Finger Tapping,0.03683184385299683
11:56:02,Hand Fidgeting,0.04275693725915601
11:56:02,Finger Tapping,0.03132288257280986
11:56:02,Hand Fidgeting,0.04005676964425015
11:56:02,Finger Tapping,0.029301941394805908
11:56:02,Hand Fidgeting,0.03790764172549037
11:56:02,Finger Tapping,0.027888602018356322
11:56:02,Hand Fidgeting,0.035674100245605515
11:56:02,Finger Tapping,0.02567492922147115
11:56:02,Hand Fidgeting,0.033860172153183536
11:56:02,Finger Tapping,0.023841758569081623
11:56:02,Hand Fidgeting,0.032902517834101044
11:56:02,Finger Tapping,0.022932446002960204
11:56:02,Hand Fidgeting,0.03450776765883444
11:56:02,Finger Tapping,0.024942805369695027
11:56:02,Hand Fidgeting,0.03395858272938255
11:56:02,Finger Tapping,0.024858572085698447
11:56:02,Hand Fidgeting,0.03291392350130581
11:56:02,Finger Tapping,0.02471096913019816
11:56:02,Hand Fidgeting,0.03369201794239156
11:56:02,Finger Tapping,0.025488422314325968
11:56:03,Hand Fidgeting,0.03244581247230757
11:56:03,Finger Tapping,0.02408938407897949
11:56:03,Hand Fidgeting,0.030734510716821473
11:56:03,Finger Tapping,0.022536059220631916
11:56:03,Hand Fidgeting,0.031058645523076224
11:56:03,Finger Tapping,0.023470954100290934
11:56:03,Hand Fidgeting,0.030339707540360552
11:56:03,Finger Tapping,0.023706334829330444
11:56:03,Finger Tapping,0.023266921440760296
11:56:03,Finger Tapping,0.022555814186731974
11:56:03,Finger Tapping,0.022639254728953045
11:56:03,Finger Tapping,0.02204057772954305
11:56:03,Finger Tapping,0.021236620346705117
11:56:03,Finger Tapping,0.017713389794031777
11:56:03,Finger Tapping,0.016974637905756634
11:56:03,Finger Tapping,0.017341389258702596
11:56:03,Finger Tapping,0.016391849517822264
11:56:03,Finger Tapping,0.015942949056625366
11:56:03,Finger Tapping,0.015110758940378825
11:56:04,Finger Tapping,0.01608805259068807
11:56:04,Finger Tapping,0.016375917196273803
11:56:04,Finger Tapping,0.017731225490570067
11:56:04,Finger Tapping,0.01851379076639811
11:56:04,Finger Tapping,0.01947159767150879
11:56:04,Finger Tapping,0.020460196336110435
11:56:04,Finger Tapping,0.020714632670084634
11:56:04,Finger Tapping,0.020172882080078124
11:56:04,Finger Tapping,0.019411818186442057
11:56:04,Finger Tapping,0.01956351598103841
11:56:04,Finger Tapping,0.01976680358250936
11:56:05,Finger Tapping,0.01924864649772644
11:56:05,Hand Fidgeting,0.030482524265102902
11:56:05,Finger Tapping,0.020432937145233154
11:56:05,Hand Fidgeting,0.032989212110225236
11:56:05,Finger Tapping,0.021665513515472412
11:56:05,Hand Fidgeting,0.03398113536793885
11:56:05,Finger Tapping,0.022571229934692384
11:56:05,Hand Fidgeting,0.034127036180599396
11:56:05,Finger Tapping,0.022129261493682863
11:56:05,Hand Fidgeting,0.03404758012332303
11:56:05,Finger Tapping,0.02206492821375529
11:56:05,Hand Fidgeting,0.03490988631781608
11:56:05,Finger Tapping,0.022991512219111124
11:56:05,Hand Fidgeting,0.03593417554644836
11:56:05,Finger Tapping,0.02345045208930969
11:56:05,Hand Fidgeting,0.0375981780554717
11:56:05,Finger Tapping,0.02503279447555542
11:56:05,Hand Fidgeting,0.03715502031782889
11:56:05,Finger Tapping,0.02473392089207967
11:56:05,Hand Fidgeting,0.039247141413172364
11:56:05,Finger Tapping,0.025004768371582033
11:56:05,Hand Fidgeting,0.03959844171786346
11:56:05,Finger Tapping,0.025222732623418172
11:56:05,Hand Fidgeting,0.03835897638293718
11:56:05,Finger Tapping,0.025044846534729003
11:56:05,Hand Fidgeting,0.03854209288338898
11:56:05,Finger Tapping,0.024985265731811524
11:56:05,Hand Fidgeting,0.038749733018318376
11:56:05,Finger Tapping,0.025258050362269083
11:56:05,Hand Fidgeting,0.041962019202528934
11:56:05,Finger Tapping,0.027664126952489217
11:56:05,Hand Fidgeting,0.04267352365675998
11:56:05,Finger Tapping,0.027673778931299846
11:56:05,Hand Fidgeting,0.043480043260683304
11:56:05,Finger Tapping,0.02852200667063395
11:56:06,Hand Fidgeting,0.042716089093001695
11:56:06,Finger Tapping,0.028318790594736735
11:56:06,Hand Fidgeting,0.04081267410921614
11:56:06,Finger Tapping,0.027145230770111085
11:56:06,Hand Fidgeting,0.04148279780818414
11:56:06,Finger Tapping,0.027761298418045043
11:56:06,Hand Fidgeting,0.03993663472607713
11:56:06,Finger Tapping,0.02653026580810547
11:56:06,Hand Fidgeting,0.038931440502996593
11:56:06,Finger Tapping,0.02615722417831421
11:56:06,Hand Fidgeting,0.03940088240980366
11:56:06,Finger Tapping,0.025404288371404012
11:56:06,Hand Fidgeting,0.0357067579011672
11:56:06,Finger Tapping,0.022762483358383177
11:56:06,Hand Fidgeting,0.03548060957693814
11:56:06,Finger Tapping,0.02271543542544047
11:56:06,Hand Fidgeting,0.041110932244453044
11:56:06,Finger Tapping,0.028345936536788942
11:56:06,Hand Fidgeting,0.04299083148626064
11:56:06,Finger Tapping,0.03068622350692749
11:56:06,Hand Fidgeting,0.04420514221173689
11:56:06,Finger Tapping,0.03191322088241577
11:56:06,Hand Fidgeting,0.049001638198773276
11:56:06,Finger Tapping,0.036590635776519775
11:56:06,Hand Fidgeting,0.04999118481633457
11:56:06,Finger Tapping,0.037006670236587526
11:56:06,Hand Fidgeting,0.048789136158081135
11:56:06,Finger Tapping,0.036342042684555056
11:56:06,Hand Fidgeting,0.04640962078393079
11:56:06,Finger Tapping,0.0352981706460317
11:56:07,Hand Fidgeting,0.04583676683374853
11:56:07,Finger Tapping,0.03486001491546631
11:56:07,Hand Fidgeting,0.045149859402189955
11:56:07,Finger Tapping,0.0348231832186381
11:56:07,Hand Fidgeting,0.04510808382010944
11:56:07,Finger Tapping,0.034700169165929155
11:56:07,Hand Fidgeting,0.0447317012716301
11:56:07,Finger Tapping,0.03430257638295491
11:56:07,Hand Fidgeting,0.043950961560100074
11:56:07,Finger Tapping,0.03407679398854573
11:56:07,Hand Fidgeting,0.043460220688081
11:56:07,Finger Tapping,0.032887989282608034
11:56:07,Hand Fidgeting,0.04349921228009912
11:56:07,Finger Tapping,0.032839417457580566
11:56:07,Hand Fidgeting,0.040248397798037475
11:56:07,Finger Tapping,0.031603894631067914
11:56:07,Hand Fidgeting,0.041189224096510456
11:56:07,Finger Tapping,0.03254011074701945
11:56:07,Hand Fidgeting,0.044980886934415126
11:56:07,Finger Tapping,0.035854285955429076
11:56:07,Hand Fidgeting,0.047168719137907024
11:56:07,Finger Tapping,0.038117796182632446
11:56:07,Leg Movement,0.024349765076368043
11:56:07,Hand Fidgeting,0.050734755298091475
11:56:07,Finger Tapping,0.041838087638219196
11:56:07,Leg Movement,0.030284644354530495
11:56:07,Hand Fidgeting,0.04826641001960673
11:56:07,Finger Tapping,0.03965608477592468
11:56:07,Leg Movement,0.030868686081326265
11:56:07,Hand Fidgeting,0.048482980319718635
11:56:07,Finger Tapping,0.0409397820631663
11:56:07,Leg Movement,0.03249626952876597
11:56:07,Hand Fidgeting,0.04987337338662561
11:56:07,Finger Tapping,0.04301188190778096
11:56:07,Leg Movement,0.038488169509358454
11:56:07,Hand Fidgeting,0.05003183730551618
11:56:07,Finger Tapping,0.04307551582654317
11:56:07,Leg Movement,0.04006161613800528
11:56:07,Hand Fidgeting,0.05118117875291984
11:56:07,Finger Tapping,0.04404126803080241
11:56:07,Leg Movement,0.04020492467022992
11:56:08,Hand Fidgeting,0.051452426690765
11:56:08,Finger Tapping,0.04455147981643677
11:56:08,Leg Movement,0.04019806428174023
11:56:08,Hand Fidgeting,0.05245722289800506
11:56:08,Finger Tapping,0.045556463797887164
11:56:08,Leg Movement,0.040483330683718455
11:56:08,Hand Fidgeting,0.05301979354841575
11:56:08,Finger Tapping,0.04633121291796367
11:56:08,Leg Movement,0.040400615941317934
11:56:08,Hand Fidgeting,0.05189807188904183
11:56:08,Finger Tapping,0.046553723017374676
11:56:08,Leg Movement,0.040215144976373435
11:56:08,Hand Fidgeting,0.05138251686353409
11:56:08,Finger Tapping,0.04605856537818909
11:56:08,Leg Movement,0.0402608545012867
11:56:08,Hand Fidgeting,0.05189571156897624
11:56:08,Finger Tapping,0.046567871173222856
11:56:08,Leg Movement,0.04012271167251324
11:56:08,Hand Fidgeting,0.04659697057284294
11:56:08,Finger Tapping,0.04122706254323324
11:56:08,Leg Movement,0.03982793064538058
11:56:08,Hand Fidgeting,0.04393472729210872
11:56:08,Finger Tapping,0.03814758658409119
11:56:08,Leg Movement,0.03729474900187297
11:56:08,Hand Fidgeting,0.04271473317344994
11:56:08,Finger Tapping,0.03747140169143677
11:56:08,Leg Movement,0.03702499062549499
11:56:08,Hand Fidgeting,0.0393852072177456
11:56:08,Finger Tapping,0.03424819111824036
11:56:08,Leg Movement,0.03698838365700038
11:56:08,Hand Fidgeting,0.041301516872123224
11:56:08,Finger Tapping,0.036553821961085003
11:56:08,Leg Movement,0.03715694176135128
11:56:08,Hand Fidgeting,0.041538419400637155
11:56:08,Finger Tapping,0.03667475779851278
11:56:08,Leg Movement,0.03561262445047194
11:56:08,Hand Fidgeting,0.04235353286610367
11:56:08,Finger Tapping,0.03749522566795349
11:56:08,Leg Movement,0.03532482630014851
11:56:08,Hand Fidgeting,0.04287258732995004
11:56:08,Finger Tapping,0.03793594241142273
11:56:08,Leg Movement,0.03565742846951931
11:56:08,Hand Fidgeting,0.0441982196655307
11:56:08,Finger Tapping,0.03873611489931742
11:56:08,Leg Movement,0.03565398375527833
11:56:08,Hand Fidgeting,0.04656232187162234
11:56:08,Finger Tapping,0.04117850065231323
11:56:08,Leg Movement,0.035458895030661866
11:56:08,Hand Fidgeting,0.04818733387989497
11:56:08,Finger Tapping,0.041178097327550255
11:56:08,Leg Movement,0.035950541029129646
11:56:09,Hand Fidgeting,0.04921366747045622
11:56:09,Finger Tapping,0.04127614299456279
11:56:09,Leg Movement,0.036017776458083677
11:56:09,Hand Fidgeting,0.048562537772963196
11:56:09,Finger Tapping,0.041399025917053224
11:56:09,Leg Movement,0.03598616176753108
11:56:09,Hand Fidgeting,0.04867551415145017
11:56:09,Finger Tapping,0.041758726040522255
11:56:09,Leg Movement,0.035954574226853844
11:56:09,Hand Fidgeting,0.04976252223159076
11:56:09,Finger Tapping,0.04278256893157959
11:56:09,Leg Movement,0.03610596879832858
11:56:09,Hand Fidgeting,0.048709761347690665
11:56:09,Finger Tapping,0.041873576243718465
11:56:09,Leg Movement,0.036159912358766526
11:56:09,Hand Fidgeting,0.04452553847690884
11:56:09,Finger Tapping,0.03839339017868042
11:56:09,Leg Movement,0.035860678728533345
11:56:09,Hand Fidgeting,0.04220309944331148
11:56:09,Finger Tapping,0.03634700377782186
11:56:09,Leg Movement,0.021909115104106282
11:56:09,Hand Fidgeting,0.03881062130027167
11:56:09,Finger Tapping,0.03294754425684611
11:56:09,Hand Fidgeting,0.03831214311000413
11:56:09,Finger Tapping,0.032887128988901775
11:56:09,Hand Fidgeting,0.03937294679200814
11:56:09,Finger Tapping,0.03399190107981364
11:56:09,Hand Fidgeting,0.03771593719957372
11:56:09,Finger Tapping,0.03233460982640584
11:56:09,Hand Fidgeting,0.038002277314266295
11:56:09,Finger Tapping,0.032841817537943525
11:56:09,Hand Fidgeting,0.03804029283746322
11:56:09,Finger Tapping,0.03306722044944763
11:56:09,Hand Fidgeting,0.038444936966353344
11:56:09,Finger Tapping,0.033494975169499716
11:56:09,Hand Fidgeting,0.03768645817439069
11:56:09,Finger Tapping,0.03275742530822754
11:56:09,Hand Fidgeting,0.03640582633632971
11:56:09,Finger Tapping,0.031488315264383955
11:56:09,Hand Fidgeting,0.03745778916629709
11:56:09,Finger Tapping,0.03129921754201253
11:56:10,Hand Fidgeting,0.03776111997008816
11:56:10,Finger Tapping,0.03143328626950582
11:56:10,Hand Fidgeting,0.03819067881350546
11:56:10,Finger Tapping,0.0317426065603892
11:56:10,Hand Fidgeting,0.03878153742090354
11:56:10,Finger Tapping,0.031889498233795166
11:56:10,Hand Fidgeting,0.04005180279351174
11:56:10,Finger Tapping,0.03181475003560384
11:56:10,Hand Fidgeting,0.041576962647584585
11:56:10,Finger Tapping,0.03181786735852559
11:56:10,Hand Fidgeting,0.04039017742280293
11:56:10,Finger Tapping,0.030868295828501383
11:56:10,Hand Fidgeting,0.03776952363057447
11:56:10,Finger Tapping,0.02843348979949951
11:56:10,Hand Fidgeting,0.04019144112403868
11:56:10,Finger Tapping,0.030891486008961997
11:56:10,Hand Fidgeting,0.047141466119028246
11:56:10,Finger Tapping,0.0363422691822052
11:56:10,Hand Fidgeting,0.05415873747519356
11:56:10,Finger Tapping,0.04224895238876343
11:56:10,Hand Fidgeting,0.05618541812269427
11:56:10,Finger Tapping,0.04379804531733195
11:56:10,Hand Fidgeting,0.05659997787369887
11:56:10,Finger Tapping,0.04406572182973226
11:56:10,Hand Fidgeting,0.055817666812246404
11:56:10,Finger Tapping,0.04468063513437907
11:56:10,Hand Fidgeting,0.05516702669053384
11:56:10,Finger Tapping,0.04472670555114746
11:56:10,Hand Fidgeting,0.056666135648622225
11:56:10,Finger Tapping,0.04622308015823364
11:56:10,Hand Fidgeting,0.05669762743804327
11:56:10,Finger Tapping,0.04618792533874512
11:56:11,Hand Fidgeting,0.05607938899135027
11:56:11,Finger Tapping,0.04510083595911662
11:56:11,Hand Fidgeting,0.0643730086144885
11:56:11,Finger Tapping,0.05337665478388468
11:56:11,Hand Fidgeting,0.07356880986320048
11:56:11,Finger Tapping,0.06236054499944051
11:56:11,Hand Fidgeting,0.07797142430985345
11:56:11,Finger Tapping,0.06664884885152181
11:56:11,Leg Movement,0.020755347422590064
11:56:11,Hand Fidgeting,0.07884340005262715
11:56:11,Finger Tapping,0.06756022175153097
11:56:11,Leg Movement,0.021867351710984875
11:56:11,Hand Fidgeting,0.08141671168394646
11:56:11,Finger Tapping,0.07021294236183166
11:56:11,Leg Movement,0.023917760801879386
11:56:11,Hand Fidgeting,0.09159911456513269
11:56:11,Finger Tapping,0.08033914566040039
11:56:11,Leg Movement,0.02464746133078185
11:56:11,Hand Fidgeting,0.09184064964905247
11:56:11,Finger Tapping,0.08058181802431742
11:56:11,Leg Movement,0.029041744491357768
11:56:11,Hand Fidgeting,0.09168484983034704
11:56:11,Finger Tapping,0.0803100327650706
11:56:11,Leg Movement,0.032563567171292156
11:56:11,Hand Fidgeting,0.08967299036687584
11:56:11,Finger Tapping,0.07797761162122091
11:56:11,Leg Movement,0.033002884406420276
11:56:11,Hand Fidgeting,0.08823401890173735
11:56:11,Finger Tapping,0.07653554876645406
11:56:11,Leg Movement,0.0336369695481341
11:56:11,Hand Fidgeting,0.08778819557420049
11:56:11,Finger Tapping,0.07608970403671264
11:56:11,Leg Movement,0.034138584379947455
11:56:11,Hand Fidgeting,0.08783604325421988
11:56:11,Finger Tapping,0.07613547245661417
11:56:11,Leg Movement,0.03425451041603813
11:56:11,Hand Fidgeting,0.08647675028725747
11:56:11,Finger Tapping,0.07595200935999552
11:56:11,Leg Movement,0.03410164528865851
11:56:11,Hand Fidgeting,0.08633162548323012
11:56:11,Finger Tapping,0.07590697010358174
11:56:11,Leg Movement,0.0339915402205291
11:56:11,Hand Fidgeting,0.08523929178691897
11:56:11,Finger Tapping,0.07492993275324504
11:56:11,Leg Movement,0.037998897341363934
11:56:11,Hand Fidgeting,0.08508153592619812
11:56:11,Finger Tapping,0.07523577809333801
11:56:11,Leg Movement,0.039752625097338345
11:56:12,Hand Fidgeting,0.08343480301294807
11:56:12,Finger Tapping,0.07527127464612325
11:56:12,Leg Movement,0.040468494537431815
11:56:12,Hand Fidgeting,0.08088118266243229
11:56:12,Finger Tapping,0.07418474753697714
11:56:12,Leg Movement,0.03946681869057852
11:56:12,Hand Fidgeting,0.080034797916044
11:56:12,Finger Tapping,0.07334019541740418
11:56:12,Leg Movement,0.040502446717078075
11:56:12,Hand Fidgeting,0.07987129817526559
11:56:12,Finger Tapping,0.07317768732706706
11:56:12,Leg Movement,0.04144285636458281
11:56:12,Hand Fidgeting,0.07661511746263662
11:56:12,Finger Tapping,0.06990030407905579
11:56:12,Leg Movement,0.043559260649603186
11:56:12,Hand Fidgeting,0.06843644791538979
11:56:12,Finger Tapping,0.06322490572929382
11:56:12,Leg Movement,0.04634416946633232
11:56:12,Hand Fidgeting,0.060954439739767996
11:56:12,Finger Tapping,0.056792712211608885
11:56:12,Leg Movement,0.04529603092634459
11:56:12,Hand Fidgeting,0.057434592963350434
11:56:12,Finger Tapping,0.05431778232256571
11:56:12,Leg Movement,0.04544068633402501
11:56:12,Hand Fidgeting,0.05440585668331252
11:56:12,Finger Tapping,0.051418660084406535
11:56:12,Leg Movement,0.04508705180469784
11:56:12,Hand Fidgeting,0.05312274405860644
11:56:12,Finger Tapping,0.05028349757194519
11:56:12,Leg Movement,0.0449254878555229
11:56:12,Hand Fidgeting,0.05253605330485751
11:56:12,Finger Tapping,0.049853966633478804
11:56:12,Leg Movement,0.0445584969552122
11:56:12,Hand Fidgeting,0.05054895788519
11:56:12,Finger Tapping,0.04781003991762797
11:56:12,Leg Movement,0.041524891099974294
11:56:12,Hand Fidgeting,0.05047651358549799
11:56:12,Finger Tapping,0.047494935989379886
11:56:12,Leg Movement,0.040655894343010625
11:56:12,Hand Fidgeting,0.04971337970664027
11:56:12,Finger Tapping,0.0473014235496521
11:56:12,Leg Movement,0.04485160770810986
11:56:12,Hand Fidgeting,0.041217545178522906
11:56:12,Finger Tapping,0.03880441983540853
11:56:12,Leg Movement,0.04452544219036488
11:56:12,Hand Fidgeting,0.03149280785416744
11:56:12,Finger Tapping,0.029238361120224
11:56:12,Leg Movement,0.042900364765735666
11:56:13,Finger Tapping,0.024661054213841755
11:56:13,Leg Movement,0.04343860250626229
11:56:13,Finger Tapping,0.023081127802530924
11:56:13,Leg Movement,0.04670286191054475
11:56:13,Finger Tapping,0.020205161968866982
11:56:13,Leg Movement,0.04553266909227689
11:56:13,Leg Movement,0.04489567610157922
11:56:13,Leg Movement,0.04054506447755983
11:56:13,Leg Movement,0.03759325017147043
11:56:13,Leg Movement,0.04052223518567905
11:56:13,Leg Movement,0.040517591222673996
11:56:13,Leg Movement,0.04249961948569783
11:56:13,Leg Movement,0.045142993604066296
11:56:13,Leg Movement,0.045761914460520484
11:56:13,Leg Movement,0.04632030487496788
11:56:13,Leg Movement,0.04196488432183137
11:56:13,Leg Movement,0.04305680704755602
11:56:13,Leg Movement,0.043855418973542344
11:56:13,Leg Movement,0.04547517977944647
11:56:14,Leg Movement,0.045612065687146375
11:56:14,Leg Movement,0.04479220759430215
11:56:14,Leg Movement,0.041565491225755695
11:56:14,Leg Movement,0.03799850686588357
11:56:14,Leg Movement,0.03746665238066162
11:56:14,Leg Movement,0.037078799918304
11:56:14,Leg Movement,0.036895160239519
11:56:14,Leg Movement,0.036668496855587034
11:56:14,Leg Movement,0.03919009124435032
11:56:14,Leg Movement,0.04062379995203198
11:56:14,Leg Movement,0.040595603246225985
11:56:14,Leg Movement,0.036667887391535786
11:56:14,Leg Movement,0.03699851203412023
11:56:14,Leg Movement,0.0350872610942877
11:56:14,Leg Movement,0.033863171455186795
11:56:14,Leg Movement,0.029431086831922543
11:56:14,Leg Movement,0.028976773929970393
11:56:15,Leg Movement,0.030240965219637594
11:56:15,Leg Movement,0.030530459082659698
11:56:15,Leg Movement,0.03039365055814263
11:56:15,Leg Movement,0.02784449817713625
11:56:15,Leg Movement,0.027301212979217157
11:56:15,Leg Movement,0.025196051543766827
11:56:15,Leg Movement,0.02255402734938861
11:56:15,Leg Movement,0.02161150630881722
11:56:15,Leg Movement,0.02099765882322957
11:56:15,Leg Movement,0.021002116026354913
11:56:18,Leg Movement,0.020455377681739648
11:56:19,Leg Movement,0.022313062313029194
11:56:19,Leg Movement,0.023620429613737937
11:56:19,Leg Movement,0.02388043947172335
11:56:19,Leg Movement,0.026565972848832057
11:56:19,Leg Movement,0.026998485187556553
11:56:19,Leg Movement,0.026923504319043536
11:56:19,Leg Movement,0.02741195224264029
11:56:19,Leg Movement,0.029574531298781053
11:56:19,Leg Movement,0.02978526385366932
11:56:19,Leg Movement,0.030036219299808077
11:56:19,Leg Movement,0.032823461936759994
11:56:19,Leg Movement,0.032893001325168154
11:56:19,Leg Movement,0.03528576496174954
11:56:19,Leg Movement,0.03570976329173215
11:56:19,Leg Movement,0.0386069648126999
11:56:19,Leg Movement,0.03930057105797967
11:56:20,Leg Movement,0.042010847431317035
11:56:20,Leg Movement,0.04390203836348052
11:56:20,Leg Movement,0.04061360638390223
11:56:20,Leg Movement,0.03961794392984727
11:56:20,Leg Movement,0.0395990454945718
11:56:20,Leg Movement,0.03672658805614097
11:56:20,Leg Movement,0.03609155548252427
11:56:20,Leg Movement,0.034827184912037484
11:56:20,Leg Movement,0.03399794517546004
11:56:20,Leg Movement,0.03328613720566737
11:56:20,Leg Movement,0.03388034519622491
11:56:20,Leg Movement,0.03615688802124613
11:56:20,Leg Movement,0.03836598973078382
11:56:20,Leg Movement,0.04029000384670392
11:56:20,Leg Movement,0.03851531084520594
11:56:20,Leg Movement,0.03823114229477288
11:56:20,Leg Movement,0.04295140549153194
11:56:21,Finger Tapping,0.015692434708277383
11:56:21,Leg Movement,0.0451420744737885
11:56:21,Finger Tapping,0.016157758235931397
11:56:21,Leg Movement,0.04536054783392703
11:56:21,Finger Tapping,0.016303412119547524
11:56:21,Leg Movement,0.045903748245124124
11:56:21,Finger Tapping,0.015932993094126383
11:56:21,Leg Movement,0.04568914457572739
11:56:21,Finger Tapping,0.015194505453109741
11:56:21,Leg Movement,0.04387608517837032
11:56:21,Leg Movement,0.044592646239303264
11:56:21,Leg Movement,0.04441821735208999
11:56:21,Leg Movement,0.04501928620160094
11:56:21,Leg Movement,0.04677516827178569
11:56:21,Leg Movement,0.04481584248276914
11:56:21,Leg Movement,0.044611257566164304
11:56:21,Leg Movement,0.0418318505763237
11:56:21,Leg Movement,0.04382540304951343
11:56:21,Leg Movement,0.044928184481621454
11:56:21,Leg Movement,0.044332555702722064
11:56:21,Leg Movement,0.044435632814888534
11:56:22,Leg Movement,0.0446801594945158
11:56:22,Leg Movement,0.047203137191153745
11:56:22,Leg Movement,0.047381499711202965
11:56:22,Leg Movement,0.04749900449795863
11:56:22,Leg Movement,0.04787929844883028
11:56:22,Leg Movement,0.05066607083616636
11:56:22,Leg Movement,0.05126674646185074
11:56:22,Leg Movement,0.05018069421792119
11:56:22,Leg Movement,0.04766493054968608
11:56:22,Leg Movement,0.04501230183702964
11:56:22,Leg Movement,0.038672953295027866
11:56:22,Leg Movement,0.03848756742185384
11:56:22,Leg Movement,0.03845632164828375
11:56:22,Leg Movement,0.03379339087672877
11:56:22,Leg Movement,0.029008595790533064
11:56:22,Leg Movement,0.029358810548289437
11:56:22,Leg Movement,0.030140134565989126
11:56:23,Leg Movement,0.031171679529981275
11:56:23,Leg Movement,0.0336404364300298
11:56:23,Leg Movement,0.03383126825253054
11:56:23,Leg Movement,0.03426466700450146
11:56:23,Leg Movement,0.03116711670628498
11:56:23,Leg Movement,0.031499056486261015
11:56:23,Leg Movement,0.03223875811295718
11:56:23,Leg Movement,0.03251203377946503
11:56:23,Leg Movement,0.0333376144992344
11:56:23,Leg Movement,0.030845170958673056
11:56:23,Leg Movement,0.02706691220301128
11:56:23,Leg Movement,0.025791654554539557
11:56:23,Leg Movement,0.025559990856720727
11:56:23,Leg Movement,0.027784791378761838
11:56:23,Leg Movement,0.02898524304815999
11:56:23,Leg Movement,0.029420639383664553
11:56:24,Leg Movement,0.029326742737933346
11:56:24,Leg Movement,0.033659437862295374
11:56:24,Leg Movement,0.034214224351223926
11:56:24,Leg Movement,0.03432407402616786
11:56:24,Leg Movement,0.034399426345234144
11:56:24,Leg Movement,0.03514954637451723
11:56:24,Leg Movement,0.03683516548355894
11:56:24,Leg Movement,0.03911441849644668
11:56:24,Leg Movement,0.0393195838302238
11:56:24,Leg Movement,0.03956756402326527
11:56:24,Leg Movement,0.039721548194015605
11:56:24,Leg Movement,0.03961418430281751
11:56:24,Leg Movement,0.039070728355741706
11:56:24,Leg Movement,0.038026873129347
11:56:24,Leg Movement,0.03677986376877987
11:56:24,Leg Movement,0.03381363381567355
11:56:24,Leg Movement,0.032991020576320466
11:56:25,Leg Movement,0.03378349028933783
11:56:25,Leg Movement,0.034486183277584126
11:56:25,Leg Movement,0.03248055519010496
11:56:25,Leg Movement,0.031079139866968048
11:56:25,Leg Movement,0.030517235403326327
11:56:25,Leg Movement,0.031126105332011367
11:56:25,Leg Movement,0.03175994886509491
11:56:25,Leg Movement,0.031996781309721584
11:56:25,Leg Movement,0.03203679550367821
11:56:25,Leg Movement,0.03274959097128775
11:56:25,Leg Movement,0.0307523487197071
11:56:25,Leg Movement,0.026983316888971355
11:56:25,Leg Movement,0.02731630744798434
11:56:25,Leg Movement,0.027822766946861355
11:56:25,Leg Movement,0.024440530532953253
11:56:26,Leg Movement,0.021466048989466715
11:56:26,Leg Movement,0.021262939054816146
11:56:26,Leg Movement,0.021462985202008948
11:56:26,Leg Movement,0.02159376627070122
11:56:26,Leg Movement,0.020174749066819864
11:56:26,Leg Movement,0.020018446674810383
11:56:26,Leg Movement,0.020688700894046893
11:56:26,Leg Movement,0.02089033325820264
11:56:26,Leg Movement,0.02273109675579796
11:56:26,Leg Movement,0.022764359286976003
11:56:26,Leg Movement,0.02409332781845451
11:56:26,Leg Movement,0.02535237815909008
11:56:26,Leg Movement,0.024747203938458924
11:56:26,Leg Movement,0.024625985291655814
11:56:27,Leg Movement,0.02563606299217185
11:56:27,Leg Movement,0.02662666704490901
11:56:27,Leg Movement,0.026868469346838106
11:56:27,Leg Movement,0.026643239004336558
11:56:27,Leg Movement,0.02690133106811635
11:56:27,Leg Movement,0.02695394079712527
11:56:27,Leg Movement,0.0278729405817088
11:56:27,Leg Movement,0.02756555934022665
11:56:27,Leg Movement,0.027192941880394266
11:56:27,Leg Movement,0.026913746330719152
11:56:27,Leg Movement,0.025831010940673603
11:56:27,Leg Movement,0.02521590853502252
11:56:27,Leg Movement,0.023826513593312094
11:56:27,Leg Movement,0.023605227710834
11:56:27,Leg Movement,0.02295158722304407
11:56:27,Leg Movement,0.022529257197637192
11:56:28,Leg Movement,0.021731678338304226
11:56:28,Leg Movement,0.021435995802137637
11:56:28,Leg Movement,0.02024884248495877
11:56:28,Leg Movement,0.02216940491982205
11:56:28,Leg Movement,0.021915365999514626
11:56:28,Leg Movement,0.021425795412902217
11:56:28,Leg Movement,0.02235477208780984
11:56:28,Leg Movement,0.024061260249374907
11:56:28,Leg Movement,0.024343753388983418
11:56:28,Leg Movement,0.02392212932621344
11:56:28,Leg Movement,0.025148838949654317
11:56:28,Leg Movement,0.02836700857407799
11:56:28,Leg Movement,0.02950436874138795
11:56:28,Leg Movement,0.030135838428121182
11:56:29,Leg Movement,0.031690107182931956
11:56:29,Leg Movement,0.030773789913483958
11:56:29,Leg Movement,0.034050458428804296
11:56:29,Leg Movement,0.035728722943438304
11:56:29,Leg Movement,0.03640495001104013
11:56:29,Leg Movement,0.03603115958683066
11:56:29,Leg Movement,0.039531443180622336
11:56:29,Leg Movement,0.04010234350325393
11:56:29,Leg Movement,0.04223549685260602
11:56:29,Leg Movement,0.04525819740020728
11:56:29,Leg Movement,0.04577398434633872
11:56:29,Leg Movement,0.04563149485815377
11:56:29,Leg Movement,0.04597749387585782
11:56:29,Leg Movement,0.04721329480650898
11:56:29,Leg Movement,0.04803621021993587
11:56:29,Leg Movement,0.048239526817130035
11:56:30,Leg Movement,0.048413847149834356
11:56:30,Leg Movement,0.04849845291401705
11:56:30,Leg Movement,0.05022878556837176
11:56:30,Leg Movement,0.05044859151320491
11:56:30,Leg Movement,0.05020301352917245
11:56:30,Leg Movement,0.050693162071339205
11:56:30,Leg Movement,0.05106273262852112
11:56:30,Leg Movement,0.04953685566328292
11:56:30,Leg Movement,0.04854777403135379
11:56:30,Leg Movement,0.04866894398741393
11:56:30,Leg Movement,0.04915587050654234
11:56:30,Leg Movement,0.051307448552346806
11:56:30,Finger Tapping,0.015719562768936157
11:56:30,Leg Movement,0.052435501379400624
11:56:30,Finger Tapping,0.015602481365203858
11:56:30,Leg Movement,0.0527080161481603
11:56:30,Finger Tapping,0.015696231524149576
11:56:30,Leg Movement,0.051039965663736496
11:56:30,Finger Tapping,0.016092338164647422
11:56:30,Leg Movement,0.0514079296936368
11:56:31,Finger Tapping,0.016400182247161867
11:56:31,Leg Movement,0.04751380044416274
11:56:31,Finger Tapping,0.016677073637644448
11:56:31,Leg Movement,0.04559679849576978
11:56:31,Finger Tapping,0.016873131195704143
11:56:31,Leg Movement,0.047823647455801595
11:56:31,Finger Tapping,0.016710656881332397
11:56:31,Leg Movement,0.047848956685391617
11:56:31,Finger Tapping,0.016705918312072753
11:56:31,Leg Movement,0.04424569625932941
11:56:31,Finger Tapping,0.017296266555786134
11:56:31,Leg Movement,0.04932162899771821
11:56:31,Finger Tapping,0.017147082090377807
11:56:31,Leg Movement,0.04777929186528231
11:56:31,Finger Tapping,0.01701617439587911
11:56:31,Leg Movement,0.04498493848860641
11:56:31,Finger Tapping,0.017324666182200115
11:56:31,Leg Movement,0.04967513237891522
11:56:31,Finger Tapping,0.02041011452674866
11:56:31,Leg Movement,0.05334574772160575
11:56:31,Finger Tapping,0.020308462778727214
11:56:31,Leg Movement,0.054136499854091316
11:56:31,Hand Fidgeting,0.030885254923927092
11:56:31,Finger Tapping,0.023206398884455363
11:56:31,Leg Movement,0.0536680627360825
11:56:31,Hand Fidgeting,0.03161576552485681
11:56:31,Finger Tapping,0.023767815033594767
11:56:31,Leg Movement,0.05339359236713121
11:56:31,Hand Fidgeting,0.03218249238703399
11:56:31,Finger Tapping,0.024336193005243936
11:56:31,Leg Movement,0.05336391351721826
11:56:31,Hand Fidgeting,0.03287930986341355
11:56:31,Finger Tapping,0.025058076779047648
11:56:31,Leg Movement,0.053396621975994235
11:56:31,Hand Fidgeting,0.03293909753057405
11:56:31,Finger Tapping,0.025131615002950032
11:56:31,Leg Movement,0.05373029674953467
11:56:32,Hand Fidgeting,0.03275189615805926
11:56:32,Finger Tapping,0.025078284740447997
11:56:32,Leg Movement,0.050417922440621515
11:56:32,Hand Fidgeting,0.03519343432283144
11:56:32,Finger Tapping,0.02750976284344991
11:56:32,Leg Movement,0.04853424318483201
11:56:32,Hand Fidgeting,0.03610972457766889
11:56:32,Finger Tapping,0.02857173482577006
11:56:32,Leg Movement,0.04941056067037667
11:56:32,Hand Fidgeting,0.0371668332764529
11:56:32,Finger Tapping,0.029920427004496257
11:56:32,Leg Movement,0.04881451916453365
11:56:32,Hand Fidgeting,0.039742086213153054
11:56:32,Finger Tapping,0.03269022504488627
11:56:32,Leg Movement,0.05037896518327895
11:56:32,Hand Fidgeting,0.03991352023121371
11:56:32,Finger Tapping,0.03318393031756083
11:56:32,Leg Movement,0.053917817417567446
11:56:32,Hand Fidgeting,0.03846120722393626
11:56:32,Finger Tapping,0.031739137570063275
11:56:32,Leg Movement,0.05620456137282384
11:56:32,Hand Fidgeting,0.036177152765822035
11:56:32,Finger Tapping,0.029440619548161826
11:56:32,Leg Movement,0.05626975530919258
11:56:32,Hand Fidgeting,0.03617301538433546
11:56:32,Finger Tapping,0.029345891873041787
11:56:32,Leg Movement,0.054327732131854704
11:56:32,Hand Fidgeting,0.03018877115639456
11:56:32,Finger Tapping,0.02375515302022298
11:56:32,Leg Movement,0.04821790842221174
11:56:32,Finger Tapping,0.02275699774424235
11:56:32,Leg Movement,0.04512540531383337
11:56:32,Finger Tapping,0.022657523552576702
11:56:32,Leg Movement,0.04392347183434439
11:56:32,Finger Tapping,0.02247860232988993
11:56:32,Leg Movement,0.044090445293828946
11:56:32,Finger Tapping,0.02159348726272583
11:56:32,Leg Movement,0.043854484890458977
11:56:32,Finger Tapping,0.02111454407374064
11:56:32,Leg Movement,0.04348341633034606
11:56:33,Finger Tapping,0.020717052618662517
11:56:33,Leg Movement,0.04436519290319659
11:56:33,Finger Tapping,0.020484246810277305
11:56:33,Leg Movement,0.04427385039866093
11:56:33,Finger Tapping,0.020389844973882038
11:56:33,Leg Movement,0.045872013169860115
11:56:33,Finger Tapping,0.02012054920196533
11:56:33,Leg Movement,0.04784131101838111
11:56:33,Finger Tapping,0.019297033548355103
11:56:33,Leg Movement,0.04311804822944488
11:56:33,Finger Tapping,0.019246429204940796
11:56:33,Leg Movement,0.04266198321744313
11:56:33,Finger Tapping,0.019099245468775432
11:56:33,Leg Movement,0.04290887872696528
11:56:33,Finger Tapping,0.018779720862706503
11:56:33,Leg Movement,0.03780683096300446
11:56:33,Finger Tapping,0.015363317728042603
11:56:33,Leg Movement,0.0341922227829976
11:56:33,Leg Movement,0.033370565125209764
11:56:33,Leg Movement,0.032757923653609064
11:56:33,Leg Movement,0.032190848518022064
11:56:33,Leg Movement,0.03205391576410851
11:56:33,Leg Movement,0.03188456612944238
11:56:33,Leg Movement,0.03150025442284384
11:56:33,Leg Movement,0.0336028514352214
11:56:34,Leg Movement,0.032259146257047906
11:56:34,Leg Movement,0.03175538473650578
11:56:34,Leg Movement,0.031864458307398265
11:56:34,Leg Movement,0.027383966684955317
11:56:34,Leg Movement,0.02404995477220739
11:56:34,Leg Movement,0.021419457737231543
11:56:34,Leg Movement,0.021006988725791063
11:56:34,Leg Movement,0.02166846385201273
11:56:34,Leg Movement,0.02190626951569222
11:56:34,Leg Movement,0.02171661951673629
11:56:34,Leg Movement,0.021126179958302425
11:56:34,Leg Movement,0.02087940696554205
11:56:34,Leg Movement,0.02064611191028582
11:56:34,Leg Movement,0.02058377585066413
11:56:37,Leg Movement,0.021636472389213457
11:56:37,Leg Movement,0.021154514141449147
11:56:37,Leg Movement,0.021670948054416942
11:56:37,Leg Movement,0.02050779243017571
11:56:37,Leg Movement,0.020140833302384944
11:56:37,Leg Movement,0.020606958425129013
11:56:37,Leg Movement,0.020188241524432545
11:56:37,Leg Movement,0.020435534907954897
11:56:37,Leg Movement,0.02033104430565531
11:56:38,Leg Movement,0.02019952662861496
11:56:42,Finger Tapping,0.019601571559906005
11:56:42,Finger Tapping,0.019353795051574706
11:56:42,Finger Tapping,0.02331174612045288
11:56:42,Finger Tapping,0.02358705997467041
11:56:42,Hand Fidgeting,0.031688122794373885
11:56:42,Finger Tapping,0.029046834508577982
11:56:42,Hand Fidgeting,0.03220259253689076
11:56:42,Finger Tapping,0.02966446280479431
11:56:42,Hand Fidgeting,0.03268686755930022
11:56:42,Finger Tapping,0.03015070060888926
11:56:42,Hand Fidgeting,0.033174932958879244
11:56:42,Finger Tapping,0.030188889304796854
11:56:42,Hand Fidgeting,0.03369189586987742
11:56:42,Finger Tapping,0.030756981670856477
11:56:42,Hand Fidgeting,0.03360323793296898
11:56:42,Finger Tapping,0.03069072514772415
11:56:42,Hand Fidgeting,0.03374740495502885
11:56:42,Finger Tapping,0.0308599258462588
11:56:43,Hand Fidgeting,0.03439573575173468
11:56:43,Finger Tapping,0.03157775749762853
11:56:43,Hand Fidgeting,0.03477257823778585
11:56:43,Finger Tapping,0.03206247339646021
11:56:43,Hand Fidgeting,0.03504332236214307
11:56:43,Finger Tapping,0.032424231866995494
11:56:43,Hand Fidgeting,0.03523473634291194
11:56:43,Finger Tapping,0.03273209979136785
11:56:43,Hand Fidgeting,0.03787033964125417
11:56:43,Finger Tapping,0.035423357784748075
11:56:43,Hand Fidgeting,0.03944728437783516
11:56:43,Finger Tapping,0.03701486239830653
11:56:43,Hand Fidgeting,0.05101590973288718
11:56:43,Finger Tapping,0.04799657215674718
11:56:43,Hand Fidgeting,0.051148539304821945
11:56:43,Finger Tapping,0.048169753452142076
11:56:43,Hand Fidgeting,0.052993404600108915
11:56:43,Finger Tapping,0.04981111039717992
11:56:43,Hand Fidgeting,0.05443902417167535
11:56:43,Finger Tapping,0.05114004363616308
11:56:43,Hand Fidgeting,0.05749554762942673
11:56:43,Finger Tapping,0.05405634591976802
11:56:43,Hand Fidgeting,0.05800000207491208
11:56:43,Finger Tapping,0.054554018874963126
11:56:43,Hand Fidgeting,0.05812969830688989
11:56:43,Finger Tapping,0.05465597063302994
11:56:43,Hand Fidgeting,0.05886707991431403
11:56:43,Finger Tapping,0.05467607130606969
11:56:43,Hand Fidgeting,0.0596270230332272
11:56:43,Finger Tapping,0.05470566302537918
11:56:43,Hand Fidgeting,0.05977013476470926
11:56:43,Finger Tapping,0.05469437191883723
11:56:44,Hand Fidgeting,0.060427378300171905
11:56:44,Finger Tapping,0.05481241891781489
11:56:44,Hand Fidgeting,0.060214217939676185
11:56:44,Finger Tapping,0.054862516621748604
11:56:44,Hand Fidgeting,0.060212641491096355
11:56:44,Finger Tapping,0.05463969459136327
11:56:44,Hand Fidgeting,0.045140293969204194
11:56:44,Finger Tapping,0.040414221584796906
11:56:44,Hand Fidgeting,0.04346983397842805
11:56:44,Finger Tapping,0.038174706200758614
11:56:44,Hand Fidgeting,0.039280838186201116
11:56:44,Finger Tapping,0.03416852901379267
11:56:44,Hand Fidgeting,0.039073223738835455
11:56:44,Finger Tapping,0.03404028167327245
11:56:44,Hand Fidgeting,0.033498619131679334
11:56:44,Finger Tapping,0.02841985076665878
11:56:44,Hand Fidgeting,0.03397215454795159
11:56:44,Finger Tapping,0.028892407317956288
11:56:44,Hand Fidgeting,0.0334728298256765
11:56:44,Finger Tapping,0.028274453183015188
11:56:44,Hand Fidgeting,0.03319262746975534
11:56:44,Finger Tapping,0.028393966456254322
11:56:44,Leg Movement,0.02012270248048938
11:56:44,Hand Fidgeting,0.03393895965027633
11:56:44,Finger Tapping,0.029136164983113607
11:56:44,Leg Movement,0.020372721078711232
11:56:44,Hand Fidgeting,0.03470077775985269
11:56:44,Finger Tapping,0.029778311649958294
11:56:44,Leg Movement,0.02015436240942318
11:56:44,Hand Fidgeting,0.03495745392320438
11:56:44,Finger Tapping,0.029581909378369648
11:56:44,Leg Movement,0.02038407894553095
11:56:44,Hand Fidgeting,0.03444899552462542
11:56:44,Finger Tapping,0.02905812660853068
11:56:44,Leg Movement,0.020155828702974988
11:56:44,Hand Fidgeting,0.035327645861340774
11:56:44,Finger Tapping,0.02875400483608246
11:56:44,Leg Movement,0.02049998947894039
11:56:45,Hand Fidgeting,0.03567590342442697
11:56:45,Finger Tapping,0.028613546490669252
11:56:45,Leg Movement,0.02086792259823844
11:56:45,Hand Fidgeting,0.035994389849613326
11:56:45,Finger Tapping,0.028936704993247984
11:56:45,Leg Movement,0.021177593121613807
11:56:45,Hand Fidgeting,0.03507944818695909
11:56:45,Finger Tapping,0.027326142787933348
11:56:45,Leg Movement,0.021228761479421748
11:56:45,Hand Fidgeting,0.037381342415966155
11:56:45,Finger Tapping,0.027569596966107685
11:56:45,Leg Movement,0.020812153039193346
11:56:45,Finger Tapping,0.017477643489837647
11:56:45,Leg Movement,0.021396146910739048
11:56:45,Hand Fidgeting,0.030475337215377638
11:56:45,Finger Tapping,0.017455387115478515
11:56:45,Hand Fidgeting,0.030759476659219485
11:56:45,Finger Tapping,0.01655531128247579
11:56:45,Finger Tapping,0.015244235595067343
11:56:46,Hand Fidgeting,0.034261134643781735
11:56:46,Hand Fidgeting,0.03399170099088418
11:56:46,Hand Fidgeting,0.034013689126119524
11:56:46,Hand Fidgeting,0.034073416988581684
11:56:46,Hand Fidgeting,0.03429852974223059
11:56:46,Leg Movement,0.020438863106179525
11:56:46,Hand Fidgeting,0.03374368573232261
11:56:46,Leg Movement,0.02292615701217109
11:56:46,Hand Fidgeting,0.03394267511757736
11:56:46,Leg Movement,0.021741757318043457
11:56:46,Hand Fidgeting,0.03388884388246259
11:56:46,Leg Movement,0.021154974038667822
11:56:46,Hand Fidgeting,0.032826920421558894
11:56:46,Leg Movement,0.02095387227592588
11:56:46,Hand Fidgeting,0.033114711263602534
11:56:46,Leg Movement,0.020897227155423227
11:56:46,Hand Fidgeting,0.03380533658611926
11:56:46,Leg Movement,0.021239700190219146
11:56:46,Hand Fidgeting,0.03447958287681517
11:56:46,Leg Movement,0.021560733073009635
11:56:46,Hand Fidgeting,0.03552918349587742
11:56:46,Leg Movement,0.02258892205730501
11:56:46,Hand Fidgeting,0.03501668406562178
11:56:46,Leg Movement,0.024599458087280864
11:56:47,Hand Fidgeting,0.03626414642047582
11:56:47,Leg Movement,0.02696422358026259
11:56:47,Hand Fidgeting,0.03518631233757549
11:56:47,Leg Movement,0.028288143945272903
11:56:47,Hand Fidgeting,0.03146694546208583
11:56:47,Leg Movement,0.028470712569683424
11:56:47,Leg Movement,0.02880741872609607
11:56:47,Leg Movement,0.028451403909120137
11:56:47,Leg Movement,0.028720181624252442
11:56:47,Leg Movement,0.028653756576156278
11:56:47,Leg Movement,0.028597745195158873
11:56:47,Leg Movement,0.028520528779080123
11:56:47,Leg Movement,0.028333753287568476
11:56:47,Leg Movement,0.028693804005396447
11:56:47,Leg Movement,0.029557270778334473
11:56:47,Leg Movement,0.03002989234616781
11:56:47,Leg Movement,0.030585578400227083
11:56:47,Leg Movement,0.030220025799774
11:56:47,Leg Movement,0.030291819357178524
11:56:47,Leg Movement,0.027663208175806833
11:56:48,Leg Movement,0.028200220215050673
11:56:48,Leg Movement,0.028403913942679125
11:56:48,Leg Movement,0.027010646061203816
11:56:48,Leg Movement,0.025718298746510902
11:56:48,Leg Movement,0.022603124429883006
11:56:48,Leg Movement,0.02342184476287946
11:56:48,Leg Movement,0.0234926253131551
11:56:48,Leg Movement,0.02335008870210816
11:56:48,Leg Movement,0.023039090504930224
11:56:48,Leg Movement,0.0227056734612898
11:56:48,Leg Movement,0.02241603416722184
11:56:48,Leg Movement,0.022136904368065098
11:56:53,Leg Movement,0.02047952709461149
11:56:53,Leg Movement,0.028919534485403624
11:56:53,Leg Movement,0.030842068080881302
11:56:53,Leg Movement,0.0394767713501163
11:56:53,Leg Movement,0.04420431203620525
11:56:53,Leg Movement,0.04502724991854217
11:56:53,Leg Movement,0.05121642616856196
11:56:53,Leg Movement,0.052242681055742264
11:56:53,Leg Movement,0.0527408775408816
